{
  "_format": "hh-sol-cache-2",
  "files": {
    "/Users/liuyingtian/Desktop/Blockchain Learning/react-dapp/contracts/Greeter.sol": {
      "lastModificationDate": 1642744197082,
      "contentHash": "a5aa321ea0198ccb6e03cdcc3e8baeda",
      "sourceName": "contracts/Greeter.sol",
      "solcConfig": {
        "version": "0.8.4",
        "settings": {
          "optimizer": {
            "enabled": false,
            "runs": 200
          },
          "outputSelection": {
            "*": {
              "*": [
                "abi",
                "evm.bytecode",
                "evm.deployedBytecode",
                "evm.methodIdentifiers",
                "metadata"
              ],
              "": [
                "ast"
              ]
            }
          }
        }
      },
      "imports": [
        "hardhat/console.sol"
      ],
      "versionPragmas": [
        "^0.8.4"
      ],
      "artifacts": [
        "Greeter"
      ]
    },
    "/Users/liuyingtian/Desktop/Blockchain Learning/react-dapp/node_modules/hardhat/console.sol": {
      "lastModificationDate": 1642743588435,
      "contentHash": "cc4777addd464ea56fa35b1c45df0591",
      "sourceName": "hardhat/console.sol",
      "solcConfig": {
        "version": "0.8.4",
        "settings": {
          "optimizer": {
            "enabled": false,
            "runs": 200
          },
          "outputSelection": {
            "*": {
              "*": [
                "abi",
                "evm.bytecode",
                "evm.deployedBytecode",
                "evm.methodIdentifiers",
                "metadata"
              ],
              "": [
                "ast"
              ]
            }
          }
        }
      },
      "imports": [],
      "versionPragmas": [
        ">=0.4.22 <0.9.0"
      ],
      "artifacts": [
        "console"
      ]
    }
  }
}
